iter	Logloss
0	0.1959359884
1	0.07296904922
2	0.04046690464
3	0.02568996549
